key,species,latitude,longitude,type,date,info
0,Badger,48.60615,4.58455,Animal,06/05/2022,Placeholder Info
1,Fire Salamander,49.83559,7.14465,Animal,06/05/2022,Placeholder Info
2,Woodpecker,49.54252,17.98897,Animal,06/05/2022,Placeholder Info
3,Hare,49.97869,9.88964,Animal,06/05/2022,Placeholder Info
4,Wolf,47.61268,10.07486,Animal,06/05/2022,Placeholder Info
5,Stoat,50.43201,7.8189,Animal,06/05/2022,Placeholder Info
6,Woodpecker,51.02191,7.12789,Animal,06/05/2022,Placeholder Info
7,European Viper,47.34989,15.84095,Animal,06/05/2022,Placeholder Info
8,Fire Ant,47.88537,5.59725,Animal,06/05/2022,Placeholder Info
9,Rabbit,50.55795,6.96103,Animal,06/05/2022,Placeholder Info
10,European Viper,48.58504,13.65369,Animal,06/05/2022,Placeholder Info
11,Ortolan Bunting,50.13271,9.74489,Animal,06/05/2022,Placeholder Info
12,Wolf,48.72246,12.0511,Animal,06/05/2022,Placeholder Info
13,Rabbit,51.67549,8.72601,Animal,06/05/2022,Placeholder Info
14,Fire Salamander,48.39067,11.27929,Animal,06/05/2022,Placeholder Info
15,Fallow Deer,50.25461,10.21722,Animal,06/05/2022,Placeholder Info
16,Rabbit,49.62209,9.3835,Animal,06/05/2022,Placeholder Info
17,Fallow Deer,50.4205,10.7977,Animal,06/05/2022,Placeholder Info
18,Stoat,49.03608,7.29119,Animal,06/05/2022,Placeholder Info
19,European Viper,48.34774,13.89615,Animal,06/05/2022,Placeholder Info
20,Stoat,51.37319,7.71605,Animal,06/05/2022,Placeholder Info
21,Wolf,49.51458,18.15956,Animal,06/05/2022,Placeholder Info
22,European Viper,50.69221,13.30339,Animal,06/05/2022,Placeholder Info
23,Woodpecker,49.76971,15.91305,Animal,06/05/2022,Placeholder Info
24,Rabbit,51.99502,16.44337,Animal,06/05/2022,Placeholder Info
25,Rabbit,48.18565,5.12963,Animal,06/05/2022,Placeholder Info
26,European Viper,48.54019,18.20714,Animal,06/05/2022,Placeholder Info
27,Badger,47.52796,5.09257,Animal,06/05/2022,Placeholder Info
28,Hare,50.83139,17.97859,Animal,06/05/2022,Placeholder Info
29,Hare,47.39653,17.3324,Animal,06/05/2022,Placeholder Info
30,Badger,48.84733,5.16042,Animal,06/05/2022,Placeholder Info
31,Rabbit,48.80972,16.22559,Animal,06/05/2022,Placeholder Info
32,Hare,48.25885,11.08563,Animal,06/05/2022,Placeholder Info
33,Wolf,47.34028,18.05798,Animal,06/05/2022,Placeholder Info
34,European Viper,47.89787,6.8763,Animal,06/05/2022,Placeholder Info
35,Roe Deer,48.5546,11.45252,Animal,06/05/2022,Placeholder Info
36,Ortolan Bunting,47.71505,7.42657,Animal,06/05/2022,Placeholder Info
37,Badger,47.68753,6.93007,Animal,06/05/2022,Placeholder Info
38,Hare,50.08468,5.05995,Animal,06/05/2022,Placeholder Info
39,Fire Salamander,47.3622,9.54055,Animal,06/05/2022,Placeholder Info
40,Fallow Deer,50.72252,12.43238,Animal,06/05/2022,Placeholder Info
41,Rabbit,51.07489,18.11638,Animal,06/05/2022,Placeholder Info
42,Hare,50.80694,7.96206,Animal,06/05/2022,Placeholder Info
43,Fire Salamander,50.91045,6.40081,Animal,06/05/2022,Placeholder Info
44,Fire Salamander,51.09235,10.5558,Animal,06/05/2022,Placeholder Info
45,Roe Deer,47.27957,5.56398,Animal,06/05/2022,Placeholder Info
46,Stoat,51.45691,13.06128,Animal,06/05/2022,Placeholder Info
47,Ortolan Bunting,51.04612,10.26922,Animal,06/05/2022,Placeholder Info
48,Fire Salamander,48.7033,14.45865,Animal,06/05/2022,Placeholder Info
49,Stoat,50.63963,17.06036,Animal,06/05/2022,Placeholder Info
50,Wolf,49.41394,17.40072,Animal,06/05/2022,Placeholder Info
51,Roe Deer,50.78046,10.60107,Animal,06/05/2022,Placeholder Info
52,Woodpecker,47.80402,17.74423,Animal,06/05/2022,Placeholder Info
53,Fire Salamander,50.74213,11.55919,Animal,06/05/2022,Placeholder Info
54,Fallow Deer,47.42685,5.22855,Animal,06/05/2022,Placeholder Info
55,Roe Deer,50.8502,5.37931,Animal,06/05/2022,Placeholder Info
56,Stoat,49.10627,12.20404,Animal,06/05/2022,Placeholder Info
57,Roe Deer,50.88215,16.95759,Animal,06/05/2022,Placeholder Info
58,Ortolan Bunting,50.54126,11.6277,Animal,06/05/2022,Placeholder Info
59,Badger,49.14054,16.11234,Animal,06/05/2022,Placeholder Info
60,Roe Deer,51.0494,13.98865,Animal,06/05/2022,Placeholder Info
61,Fallow Deer,48.56324,11.69665,Animal,06/05/2022,Placeholder Info
62,Stoat,50.95424,13.88327,Animal,06/05/2022,Placeholder Info
63,Badger,50.97408,12.80313,Animal,06/05/2022,Placeholder Info
64,Woodpecker,50.04824,16.10893,Animal,06/05/2022,Placeholder Info
65,Rabbit,47.74,8.606,Animal,06/05/2022,Placeholder Info
66,Wolf,48.1974,12.99052,Animal,06/05/2022,Placeholder Info
67,Rabbit,51.53086,10.31424,Animal,06/05/2022,Placeholder Info
68,Fire Ant,50.28366,16.38616,Animal,06/05/2022,Placeholder Info
69,Fallow Deer,49.47537,9.21829,Animal,06/05/2022,Placeholder Info
70,Roe Deer,49.62857,7.54112,Animal,06/05/2022,Placeholder Info
71,Roe Deer,51.40326,4.28534,Animal,06/05/2022,Placeholder Info
72,Hare,47.5787,15.20767,Animal,06/05/2022,Placeholder Info
73,Ortolan Bunting,48.91906,4.22025,Animal,06/05/2022,Placeholder Info
74,Badger,48.74132,12.77699,Animal,06/05/2022,Placeholder Info
75,Hare,48.63528,6.7129,Animal,06/05/2022,Placeholder Info
76,Fallow Deer,49.67421,14.67815,Animal,06/05/2022,Placeholder Info
77,Rabbit,47.25262,12.94774,Animal,06/05/2022,Placeholder Info
78,Rabbit,48.25994,6.41398,Animal,06/05/2022,Placeholder Info
79,Fire Ant,49.46628,13.30719,Animal,06/05/2022,Placeholder Info
80,Roe Deer,49.00942,4.5072,Animal,06/05/2022,Placeholder Info
81,Hare,47.54029,9.90987,Animal,06/05/2022,Placeholder Info
82,Ortolan Bunting,51.68068,11.20648,Animal,06/05/2022,Placeholder Info
83,Fire Ant,50.49882,13.69037,Animal,06/05/2022,Placeholder Info
84,Woodpecker,47.78408,14.26608,Animal,06/05/2022,Placeholder Info
85,Ortolan Bunting,48.08494,4.64024,Animal,06/05/2022,Placeholder Info
86,Rabbit,49.53188,16.48302,Animal,06/05/2022,Placeholder Info
87,Roe Deer,48.23963,6.49013,Animal,06/05/2022,Placeholder Info
88,Woodpecker,50.05894,16.33911,Animal,06/05/2022,Placeholder Info
89,Fire Salamander,50.40372,6.66679,Animal,06/05/2022,Placeholder Info
90,Wolf,47.39419,13.78449,Animal,06/05/2022,Placeholder Info
91,Wolf,47.2404,7.98104,Animal,06/05/2022,Placeholder Info
92,Badger,51.88292,5.34621,Animal,06/05/2022,Placeholder Info
93,Roe Deer,48.5435,4.10923,Animal,06/05/2022,Placeholder Info
94,Woodpecker,49.05321,16.58118,Animal,06/05/2022,Placeholder Info
95,Badger,47.44014,13.05302,Animal,06/05/2022,Placeholder Info
96,Ortolan Bunting,48.75954,6.22365,Animal,06/05/2022,Placeholder Info
97,Wolf,50.89189,17.98179,Animal,06/05/2022,Placeholder Info
98,Roe Deer,50.20802,6.30031,Animal,06/05/2022,Placeholder Info
99,Hare,51.47839,5.96008,Animal,06/05/2022,Placeholder Info
100,Fallow Deer,50.07223,12.9256,Animal,06/05/2022,Placeholder Info
101,Stoat,47.38237,4.05094,Animal,06/05/2022,Placeholder Info
102,Rabbit,47.42579,8.75996,Animal,06/05/2022,Placeholder Info
103,Badger,50.44212,17.73372,Animal,06/05/2022,Placeholder Info
104,Fire Salamander,50.72375,9.03503,Animal,06/05/2022,Placeholder Info
105,Rabbit,48.70441,15.011,Animal,06/05/2022,Placeholder Info
106,Hare,51.32874,13.48488,Animal,06/05/2022,Placeholder Info
107,Wolf,51.29796,6.31065,Animal,06/05/2022,Placeholder Info
108,Fire Salamander,50.55987,5.19366,Animal,06/05/2022,Placeholder Info
109,Wolf,48.78465,7.0225,Animal,06/05/2022,Placeholder Info
110,Woodpecker,50.33448,16.06816,Animal,06/05/2022,Placeholder Info
111,Rabbit,47.9129,14.92869,Animal,06/05/2022,Placeholder Info
112,Fallow Deer,51.5993,10.87978,Animal,06/05/2022,Placeholder Info
113,Fallow Deer,49.9886,5.50375,Animal,06/05/2022,Placeholder Info
114,European Viper,48.02858,4.95282,Animal,06/05/2022,Placeholder Info
115,European Viper,49.4341,13.42066,Animal,06/05/2022,Placeholder Info
116,Fallow Deer,50.83618,5.85222,Animal,06/05/2022,Placeholder Info
117,Ortolan Bunting,51.59011,4.49979,Animal,06/05/2022,Placeholder Info
118,Rabbit,48.74391,15.25959,Animal,06/05/2022,Placeholder Info
119,Wolf,49.27499,18.04384,Animal,06/05/2022,Placeholder Info
120,Ortolan Bunting,49.24267,12.78026,Animal,06/05/2022,Placeholder Info
121,Hare,47.56504,4.71854,Animal,06/05/2022,Placeholder Info
122,Wolf,48.54391,4.44178,Animal,06/05/2022,Placeholder Info
123,Hare,51.71435,13.17077,Animal,06/05/2022,Placeholder Info
124,Wolf,47.19854,12.98668,Animal,06/05/2022,Placeholder Info
125,Woodpecker,51.38908,12.08549,Animal,06/05/2022,Placeholder Info
126,Rabbit,49.18871,18.19655,Animal,06/05/2022,Placeholder Info
127,Fire Ant,49.10456,12.20636,Animal,06/05/2022,Placeholder Info
128,Ortolan Bunting,49.91905,10.71535,Animal,06/05/2022,Placeholder Info
129,Hare,48.65186,10.70979,Animal,06/05/2022,Placeholder Info
130,European Viper,48.732,15.24421,Animal,06/05/2022,Placeholder Info
131,Ortolan Bunting,48.58484,17.73661,Animal,06/05/2022,Placeholder Info
132,Wolf,50.76092,6.8378,Animal,06/05/2022,Placeholder Info
133,Stoat,50.45426,5.43853,Animal,06/05/2022,Placeholder Info
134,Woodpecker,48.02676,9.32811,Animal,06/05/2022,Placeholder Info
135,Roe Deer,49.77088,5.078,Animal,06/05/2022,Placeholder Info
136,Ortolan Bunting,48.77722,12.83759,Animal,06/05/2022,Placeholder Info
137,Fire Salamander,50.27019,17.74801,Animal,06/05/2022,Placeholder Info
138,Hare,50.88811,9.49747,Animal,06/05/2022,Placeholder Info
139,Stoat,48.60568,16.99887,Animal,06/05/2022,Placeholder Info
140,Woodpecker,48.14082,15.22053,Animal,06/05/2022,Placeholder Info
141,Fire Ant,50.75329,12.46852,Animal,06/05/2022,Placeholder Info
142,Rabbit,49.20489,4.79429,Animal,06/05/2022,Placeholder Info
143,Rabbit,49.5816,18.15545,Animal,06/05/2022,Placeholder Info
144,Fire Ant,47.1834,5.37386,Animal,06/05/2022,Placeholder Info
145,Ortolan Bunting,49.17836,8.94374,Animal,06/05/2022,Placeholder Info
146,Woodpecker,51.95766,11.08985,Animal,06/05/2022,Placeholder Info
147,Roe Deer,48.28671,10.83987,Animal,06/05/2022,Placeholder Info
148,European Viper,49.35898,6.19586,Animal,06/05/2022,Placeholder Info
149,Wolf,51.41805,10.29462,Animal,06/05/2022,Placeholder Info
150,Woodpecker,49.38912,4.12139,Animal,06/05/2022,Placeholder Info
151,Badger,48.3935,7.89202,Animal,06/05/2022,Placeholder Info
152,Woodpecker,48.90318,5.99941,Animal,06/05/2022,Placeholder Info
153,European Viper,49.69008,14.45595,Animal,06/05/2022,Placeholder Info
154,European Viper,48.89032,9.85859,Animal,06/05/2022,Placeholder Info
155,Ortolan Bunting,48.55809,9.07474,Animal,06/05/2022,Placeholder Info
156,European Viper,50.178,5.01736,Animal,06/05/2022,Placeholder Info
157,Ortolan Bunting,49.82482,12.92878,Animal,06/05/2022,Placeholder Info
158,Fire Salamander,50.88401,18.11748,Animal,06/05/2022,Placeholder Info
159,Fallow Deer,49.04886,14.35453,Animal,06/05/2022,Placeholder Info
160,Stoat,48.0243,5.12277,Animal,06/05/2022,Placeholder Info
161,Roe Deer,48.70674,17.81188,Animal,06/05/2022,Placeholder Info
162,Woodpecker,50.1774,10.73648,Animal,06/05/2022,Placeholder Info
163,Wolf,47.88514,5.7827,Animal,06/05/2022,Placeholder Info
164,Wolf,48.36802,15.78325,Animal,06/05/2022,Placeholder Info
165,Fire Salamander,51.01763,9.942,Animal,06/05/2022,Placeholder Info
166,Wolf,49.97429,16.26189,Animal,06/05/2022,Placeholder Info
167,Ortolan Bunting,48.47952,16.86687,Animal,06/05/2022,Placeholder Info
168,Hare,47.04798,12.71471,Animal,06/05/2022,Placeholder Info
169,Fallow Deer,51.67801,7.66982,Animal,06/05/2022,Placeholder Info
170,Roe Deer,50.09032,5.87803,Animal,06/05/2022,Placeholder Info
171,Woodpecker,50.80614,10.41337,Animal,06/05/2022,Placeholder Info
172,Woodpecker,49.06803,4.1513,Animal,06/05/2022,Placeholder Info
173,Fire Salamander,49.56378,9.27126,Animal,06/05/2022,Placeholder Info
174,Rabbit,51.73543,14.60293,Animal,06/05/2022,Placeholder Info
175,Ortolan Bunting,47.16227,13.42575,Animal,06/05/2022,Placeholder Info
176,Stoat,48.74297,9.31435,Animal,06/05/2022,Placeholder Info
177,Roe Deer,48.66303,5.82392,Animal,06/05/2022,Placeholder Info
178,Hare,47.96918,5.04158,Animal,06/05/2022,Placeholder Info
179,Woodpecker,48.12637,16.64777,Animal,06/05/2022,Placeholder Info
180,Stoat,48.58398,12.79202,Animal,06/05/2022,Placeholder Info
181,Badger,47.20326,13.44666,Animal,06/05/2022,Placeholder Info
182,Wolf,47.27252,11.19164,Animal,06/05/2022,Placeholder Info
183,Fire Salamander,49.38521,8.90343,Animal,06/05/2022,Placeholder Info
184,European Viper,47.01621,7.27034,Animal,06/05/2022,Placeholder Info
185,European Viper,48.0748,4.6724,Animal,06/05/2022,Placeholder Info
186,Ortolan Bunting,49.14465,15.11624,Animal,06/05/2022,Placeholder Info
187,Stoat,47.57084,13.1059,Animal,06/05/2022,Placeholder Info
188,Stoat,47.99701,9.53646,Animal,06/05/2022,Placeholder Info
189,Wolf,51.72625,9.93261,Animal,06/05/2022,Placeholder Info
190,Rabbit,48.02065,17.79076,Animal,06/05/2022,Placeholder Info
191,Roe Deer,50.54346,4.66458,Animal,06/05/2022,Placeholder Info
192,Woodpecker,51.68171,6.15667,Animal,06/05/2022,Placeholder Info
193,European Viper,48.75618,5.50928,Animal,06/05/2022,Placeholder Info
194,Rabbit,51.9898,14.44475,Animal,06/05/2022,Placeholder Info
195,Hare,50.6424,4.09412,Animal,06/05/2022,Placeholder Info
196,Rabbit,47.10321,12.15793,Animal,06/05/2022,Placeholder Info
197,Stoat,47.53347,10.21686,Animal,06/05/2022,Placeholder Info
198,European Viper,47.44219,10.10316,Animal,06/05/2022,Placeholder Info
199,Woodpecker,51.80269,17.24916,Animal,06/05/2022,Placeholder Info
200,Stoat,51.76106,9.87585,Animal,06/05/2022,Placeholder Info
201,Hare,49.27479,11.87329,Animal,06/05/2022,Placeholder Info
202,Stoat,48.47651,12.87018,Animal,06/05/2022,Placeholder Info
203,European Viper,51.57978,17.8422,Animal,06/05/2022,Placeholder Info
204,Woodpecker,50.31348,15.64991,Animal,06/05/2022,Placeholder Info
205,Fire Salamander,49.72911,15.64432,Animal,06/05/2022,Placeholder Info
206,Ortolan Bunting,48.15678,14.66047,Animal,06/05/2022,Placeholder Info
207,Woodpecker,48.77739,8.70545,Animal,06/05/2022,Placeholder Info
208,Ortolan Bunting,51.73738,7.72132,Animal,06/05/2022,Placeholder Info
209,Rabbit,51.27834,8.40507,Animal,06/05/2022,Placeholder Info
210,Fallow Deer,50.63428,15.25306,Animal,06/05/2022,Placeholder Info
211,Wolf,47.11235,11.17913,Animal,06/05/2022,Placeholder Info
212,European Viper,49.97198,9.64467,Animal,06/05/2022,Placeholder Info
213,Fire Salamander,48.20186,14.45,Animal,06/05/2022,Placeholder Info
214,Badger,50.11148,5.55917,Animal,06/05/2022,Placeholder Info
215,European Viper,47.9459,6.21851,Animal,06/05/2022,Placeholder Info
216,European Viper,49.82,17.34078,Animal,06/05/2022,Placeholder Info
217,Badger,48.54373,10.1215,Animal,06/05/2022,Placeholder Info
218,Fire Ant,51.58925,13.21186,Animal,06/05/2022,Placeholder Info
219,Roe Deer,51.08051,13.52374,Animal,06/05/2022,Placeholder Info
220,Ortolan Bunting,48.68762,17.48018,Animal,06/05/2022,Placeholder Info
221,Woodpecker,49.84649,4.55231,Animal,06/05/2022,Placeholder Info
222,Hare,51.86123,6.24959,Animal,06/05/2022,Placeholder Info
223,Rabbit,47.98268,12.00495,Animal,06/05/2022,Placeholder Info
224,Badger,48.66056,13.73694,Animal,06/05/2022,Placeholder Info
225,Roe Deer,50.27272,9.47545,Animal,06/05/2022,Placeholder Info
226,Woodpecker,49.10589,9.1121,Animal,06/05/2022,Placeholder Info
227,Stoat,48.05988,16.33219,Animal,06/05/2022,Placeholder Info
228,Fire Salamander,49.38893,9.14584,Animal,06/05/2022,Placeholder Info
229,Fire Salamander,50.63505,11.55816,Animal,06/05/2022,Placeholder Info
230,Fire Salamander,49.34315,5.17926,Animal,06/05/2022,Placeholder Info
231,Rabbit,48.21343,7.80796,Animal,06/05/2022,Placeholder Info
232,Badger,50.50225,17.42978,Animal,06/05/2022,Placeholder Info
233,Wolf,50.72289,15.19964,Animal,06/05/2022,Placeholder Info
234,Badger,51.23842,11.78372,Animal,06/05/2022,Placeholder Info
235,Ortolan Bunting,48.14788,5.2923,Animal,06/05/2022,Placeholder Info
236,Fire Salamander,50.42106,16.71726,Animal,06/05/2022,Placeholder Info
237,Fire Ant,47.23765,14.13417,Animal,06/05/2022,Placeholder Info
238,Rabbit,50.07519,9.56029,Animal,06/05/2022,Placeholder Info
239,Fire Salamander,49.1663,4.68645,Animal,06/05/2022,Placeholder Info
240,Fallow Deer,49.87345,15.14596,Animal,06/05/2022,Placeholder Info
241,Fire Salamander,50.19835,13.03317,Animal,06/05/2022,Placeholder Info
242,European Viper,51.58866,7.13968,Animal,06/05/2022,Placeholder Info
243,European Viper,47.67469,15.66736,Animal,06/05/2022,Placeholder Info
244,Wolf,50.77058,16.92444,Animal,06/05/2022,Placeholder Info
245,Fallow Deer,48.00416,8.55494,Animal,06/05/2022,Placeholder Info
246,Roe Deer,49.89304,13.15129,Animal,06/05/2022,Placeholder Info
247,Fallow Deer,49.47271,12.57202,Animal,06/05/2022,Placeholder Info
248,Rabbit,51.45158,16.72041,Animal,06/05/2022,Placeholder Info
249,Fire Ant,51.24921,13.95413,Animal,06/05/2022,Placeholder Info
250,Wolf,48.51209,8.69931,Animal,06/05/2022,Placeholder Info
251,Roe Deer,50.64684,9.79147,Animal,06/05/2022,Placeholder Info
252,Fallow Deer,49.00497,6.54542,Animal,06/05/2022,Placeholder Info
253,Rabbit,51.85616,11.8755,Animal,06/05/2022,Placeholder Info
254,Rabbit,48.83073,16.64445,Animal,06/05/2022,Placeholder Info
255,Rabbit,51.55814,5.12002,Animal,06/05/2022,Placeholder Info
256,Roe Deer,50.45738,12.28135,Animal,06/05/2022,Placeholder Info
257,Fire Ant,47.29258,4.10664,Animal,06/05/2022,Placeholder Info
258,Hare,47.11553,16.46571,Animal,06/05/2022,Placeholder Info
259,Hare,49.98771,9.93537,Animal,06/05/2022,Placeholder Info
260,Badger,49.15965,17.84426,Animal,06/05/2022,Placeholder Info
261,Fire Salamander,51.6139,4.70472,Animal,06/05/2022,Placeholder Info
262,Hare,49.74704,5.55378,Animal,06/05/2022,Placeholder Info
263,European Viper,51.44226,16.98986,Animal,06/05/2022,Placeholder Info
264,Hare,47.52517,7.23761,Animal,06/05/2022,Placeholder Info
265,Woodpecker,50.13464,15.61253,Animal,06/05/2022,Placeholder Info
266,Fire Salamander,49.13109,12.24386,Animal,06/05/2022,Placeholder Info
267,Woodpecker,49.18381,16.29564,Animal,06/05/2022,Placeholder Info
268,Ortolan Bunting,49.65988,14.51562,Animal,06/05/2022,Placeholder Info
269,Rabbit,48.3209,7.76547,Animal,06/05/2022,Placeholder Info
270,Woodpecker,51.45532,14.91446,Animal,06/05/2022,Placeholder Info
271,Wolf,48.97182,5.45837,Animal,06/05/2022,Placeholder Info
272,Stoat,51.22858,11.12194,Animal,06/05/2022,Placeholder Info
273,European Viper,48.56498,14.82868,Animal,06/05/2022,Placeholder Info
274,European Viper,47.48661,5.63498,Animal,06/05/2022,Placeholder Info
275,Badger,51.3323,5.75024,Animal,06/05/2022,Placeholder Info
276,Stoat,50.16004,16.1105,Animal,06/05/2022,Placeholder Info
277,Fire Salamander,51.93502,11.97472,Animal,06/05/2022,Placeholder Info
278,Fire Salamander,50.70555,13.20723,Animal,06/05/2022,Placeholder Info
279,Hare,49.93674,8.43151,Animal,06/05/2022,Placeholder Info
280,Rabbit,51.04516,12.36018,Animal,06/05/2022,Placeholder Info
281,Badger,48.20627,13.07695,Animal,06/05/2022,Placeholder Info
282,Badger,48.5383,6.69691,Animal,06/05/2022,Placeholder Info
283,Badger,49.57786,6.39027,Animal,06/05/2022,Placeholder Info
284,European Viper,48.0216,13.03569,Animal,06/05/2022,Placeholder Info
285,Fire Salamander,49.43869,4.85996,Animal,06/05/2022,Placeholder Info
286,Wolf,51.24495,10.70867,Animal,06/05/2022,Placeholder Info
287,Wolf,51.07981,5.99198,Animal,06/05/2022,Placeholder Info
288,Wolf,49.31978,15.37314,Animal,06/05/2022,Placeholder Info
289,Wolf,47.35912,7.79541,Animal,06/05/2022,Placeholder Info
290,Fire Salamander,49.02338,16.83671,Animal,06/05/2022,Placeholder Info
291,Ortolan Bunting,51.23831,6.13371,Animal,06/05/2022,Placeholder Info
292,European Viper,51.71042,13.64954,Animal,06/05/2022,Placeholder Info
293,Badger,47.0247,14.27701,Animal,06/05/2022,Placeholder Info
294,Roe Deer,48.25215,15.61089,Animal,06/05/2022,Placeholder Info
295,European Viper,47.40265,8.69646,Animal,06/05/2022,Placeholder Info
296,Rabbit,48.08274,17.91936,Animal,06/05/2022,Placeholder Info
297,Roe Deer,47.76901,5.96082,Animal,06/05/2022,Placeholder Info
298,Badger,49.86728,13.01251,Animal,06/05/2022,Placeholder Info
299,Stoat,48.74921,13.9502,Animal,06/05/2022,Placeholder Info
300,Woodpecker,50.80796,5.28361,Animal,06/05/2022,Placeholder Info
301,Hare,51.68719,13.69102,Animal,06/05/2022,Placeholder Info
302,Wolf,49.34199,10.77269,Animal,06/05/2022,Placeholder Info
303,Hare,51.07231,15.82234,Animal,06/05/2022,Placeholder Info
304,Ortolan Bunting,48.30278,11.91752,Animal,06/05/2022,Placeholder Info
305,Stoat,47.4538,12.07282,Animal,06/05/2022,Placeholder Info
306,Wolf,50.24876,5.56624,Animal,06/05/2022,Placeholder Info
307,Fire Salamander,49.68981,17.69376,Animal,06/05/2022,Placeholder Info
308,Fire Ant,49.72128,6.23437,Animal,06/05/2022,Placeholder Info
309,Hare,51.88867,9.306,Animal,06/05/2022,Placeholder Info
310,Woodpecker,49.28888,11.15359,Animal,06/05/2022,Placeholder Info
311,Woodpecker,49.59248,18.08207,Animal,06/05/2022,Placeholder Info
312,Badger,50.08551,15.03081,Animal,06/05/2022,Placeholder Info
313,Wolf,51.73599,12.11295,Animal,06/05/2022,Placeholder Info
314,Fire Ant,49.57781,11.01004,Animal,06/05/2022,Placeholder Info
315,Roe Deer,49.54471,8.53935,Animal,06/05/2022,Placeholder Info
316,Fire Ant,48.96997,4.49308,Animal,06/05/2022,Placeholder Info
317,Fire Salamander,51.93536,11.01918,Animal,06/05/2022,Placeholder Info
318,Roe Deer,49.91987,13.35584,Animal,06/05/2022,Placeholder Info
319,Roe Deer,49.31648,7.6097,Animal,06/05/2022,Placeholder Info
320,Rabbit,51.03544,17.39801,Animal,06/05/2022,Placeholder Info
321,Stoat,47.50413,12.89327,Animal,06/05/2022,Placeholder Info
322,Fallow Deer,51.29015,12.72836,Animal,06/05/2022,Placeholder Info
323,Fallow Deer,48.57481,6.93953,Animal,06/05/2022,Placeholder Info
324,Fire Ant,49.95679,4.22894,Animal,06/05/2022,Placeholder Info
325,Roe Deer,48.10733,14.62923,Animal,06/05/2022,Placeholder Info
326,Wolf,49.11688,7.58077,Animal,06/05/2022,Placeholder Info
327,European Viper,51.80351,4.31063,Animal,06/05/2022,Placeholder Info
328,Fire Ant,50.06702,10.37565,Animal,06/05/2022,Placeholder Info
329,Ortolan Bunting,50.77162,4.47028,Animal,06/05/2022,Placeholder Info
330,European Viper,47.13167,12.80773,Animal,06/05/2022,Placeholder Info
331,European Viper,47.61268,18.05516,Animal,06/05/2022,Placeholder Info
332,Rabbit,48.01106,12.32551,Animal,06/05/2022,Placeholder Info
333,Woodpecker,48.84915,11.88662,Animal,06/05/2022,Placeholder Info
334,Rabbit,48.31322,9.61095,Animal,06/05/2022,Placeholder Info
335,Wolf,49.93518,9.28628,Animal,06/05/2022,Placeholder Info
336,Fallow Deer,50.62105,16.17342,Animal,06/05/2022,Placeholder Info
337,Roe Deer,47.58736,9.15127,Animal,06/05/2022,Placeholder Info
338,Fallow Deer,47.90608,10.94742,Animal,06/05/2022,Placeholder Info
339,Hare,50.78338,10.26036,Animal,06/05/2022,Placeholder Info
340,Roe Deer,49.03611,10.8074,Animal,06/05/2022,Placeholder Info
341,Stoat,50.03218,6.75987,Animal,06/05/2022,Placeholder Info
342,Wolf,51.48685,7.29924,Animal,06/05/2022,Placeholder Info
343,Fire Salamander,51.77062,16.63287,Animal,06/05/2022,Placeholder Info
344,Fire Ant,48.95463,15.10816,Animal,06/05/2022,Placeholder Info
345,Stoat,51.17216,12.06358,Animal,06/05/2022,Placeholder Info
346,Roe Deer,51.60206,11.86126,Animal,06/05/2022,Placeholder Info
347,Fire Salamander,47.06493,5.32318,Animal,06/05/2022,Placeholder Info
348,Woodpecker,47.03201,16.07617,Animal,06/05/2022,Placeholder Info
349,Stoat,51.36806,8.31332,Animal,06/05/2022,Placeholder Info
350,Fallow Deer,51.91766,8.86657,Animal,06/05/2022,Placeholder Info
351,Roe Deer,51.80304,15.51184,Animal,06/05/2022,Placeholder Info
352,Fire Ant,49.57339,10.56637,Animal,06/05/2022,Placeholder Info
353,Ortolan Bunting,51.30561,15.57495,Animal,06/05/2022,Placeholder Info
354,Stoat,51.75337,10.21077,Animal,06/05/2022,Placeholder Info
355,Fallow Deer,50.24803,13.85217,Animal,06/05/2022,Placeholder Info
356,Fallow Deer,50.45023,7.32901,Animal,06/05/2022,Placeholder Info
357,Hare,48.68678,17.28134,Animal,06/05/2022,Placeholder Info
358,Wolf,47.79252,9.84302,Animal,06/05/2022,Placeholder Info
359,European Viper,49.62662,10.55211,Animal,06/05/2022,Placeholder Info
360,Ortolan Bunting,49.16454,16.40476,Animal,06/05/2022,Placeholder Info
361,Stoat,51.43343,9.53182,Animal,06/05/2022,Placeholder Info
362,Fallow Deer,50.42591,8.02502,Animal,06/05/2022,Placeholder Info
363,European Viper,47.26401,4.22143,Animal,06/05/2022,Placeholder Info
364,Fire Salamander,51.05937,6.14409,Animal,06/05/2022,Placeholder Info
365,Stoat,49.00175,7.10663,Animal,06/05/2022,Placeholder Info
366,Badger,51.59808,7.93961,Animal,06/05/2022,Placeholder Info
367,Rabbit,47.68254,16.06854,Animal,06/05/2022,Placeholder Info
368,Fire Ant,51.23445,15.80428,Animal,06/05/2022,Placeholder Info
369,Hare,50.94225,6.66761,Animal,06/05/2022,Placeholder Info
370,Stoat,50.70337,15.42836,Animal,06/05/2022,Placeholder Info
371,European Viper,50.62022,6.70946,Animal,06/05/2022,Placeholder Info
372,European Viper,48.41492,16.28327,Animal,06/05/2022,Placeholder Info
373,Badger,47.66179,8.96794,Animal,06/05/2022,Placeholder Info
374,Rabbit,50.27319,11.89011,Animal,06/05/2022,Placeholder Info
375,European Viper,47.70823,5.2672,Animal,06/05/2022,Placeholder Info
376,Fire Ant,49.90149,14.23074,Animal,06/05/2022,Placeholder Info
377,Ortolan Bunting,51.51137,10.33526,Animal,06/05/2022,Placeholder Info
378,European Viper,47.12898,7.33941,Animal,06/05/2022,Placeholder Info
379,Roe Deer,47.59882,17.49501,Animal,06/05/2022,Placeholder Info
380,Stoat,49.20405,13.05298,Animal,06/05/2022,Placeholder Info
381,Wolf,49.32702,14.63354,Animal,06/05/2022,Placeholder Info
382,Wolf,48.948,16.80788,Animal,06/05/2022,Placeholder Info
383,Badger,49.66091,6.75325,Animal,06/05/2022,Placeholder Info
384,Fallow Deer,49.79138,8.02846,Animal,06/05/2022,Placeholder Info
385,Ortolan Bunting,50.15671,8.93326,Animal,06/05/2022,Placeholder Info
386,Fallow Deer,49.25999,4.03471,Animal,06/05/2022,Placeholder Info
387,Stoat,47.95732,16.16826,Animal,06/05/2022,Placeholder Info
388,Badger,50.97156,16.7496,Animal,06/05/2022,Placeholder Info
389,Roe Deer,48.90818,12.29435,Animal,06/05/2022,Placeholder Info
390,Woodpecker,49.98191,14.25487,Animal,06/05/2022,Placeholder Info
391,Badger,50.33013,15.32136,Animal,06/05/2022,Placeholder Info
392,Fallow Deer,48.73575,5.14845,Animal,06/05/2022,Placeholder Info
393,Badger,47.6156,9.78658,Animal,06/05/2022,Placeholder Info
394,Roe Deer,51.85304,7.60404,Animal,06/05/2022,Placeholder Info
395,Rabbit,51.46681,10.08559,Animal,06/05/2022,Placeholder Info
396,Woodpecker,51.16028,4.37754,Animal,06/05/2022,Placeholder Info
397,Wolf,49.80529,17.17261,Animal,06/05/2022,Placeholder Info
398,Rabbit,47.05709,16.19571,Animal,06/05/2022,Placeholder Info
399,Fallow Deer,48.35126,6.55372,Animal,06/05/2022,Placeholder Info
400,European Viper,50.10385,17.87184,Animal,06/05/2022,Placeholder Info
401,Ortolan Bunting,48.04528,16.98193,Animal,06/05/2022,Placeholder Info
402,Fallow Deer,47.2098,16.76778,Animal,06/05/2022,Placeholder Info
403,Badger,49.10156,6.33629,Animal,06/05/2022,Placeholder Info
404,Fire Salamander,50.7181,12.97972,Animal,06/05/2022,Placeholder Info
405,Wolf,50.21445,13.35088,Animal,06/05/2022,Placeholder Info
406,European Viper,47.8736,5.55608,Animal,06/05/2022,Placeholder Info
407,Stoat,48.76799,8.23663,Animal,06/05/2022,Placeholder Info
408,Stoat,48.38005,9.86305,Animal,06/05/2022,Placeholder Info
409,Fallow Deer,47.22668,17.0477,Animal,06/05/2022,Placeholder Info
410,Fire Salamander,47.79054,18.05063,Animal,06/05/2022,Placeholder Info
411,Roe Deer,50.00525,5.2914,Animal,06/05/2022,Placeholder Info
412,Fire Ant,47.30609,14.38995,Animal,06/05/2022,Placeholder Info
413,Hare,48.4979,7.01088,Animal,06/05/2022,Placeholder Info
414,Ortolan Bunting,51.40222,4.35611,Animal,06/05/2022,Placeholder Info
415,Stoat,47.72806,17.83847,Animal,06/05/2022,Placeholder Info
416,Wolf,50.91027,4.8825,Animal,06/05/2022,Placeholder Info
417,Fire Ant,50.12359,5.08978,Animal,06/05/2022,Placeholder Info
418,Wolf,51.87067,12.20189,Animal,06/05/2022,Placeholder Info
419,Wolf,51.90034,16.41776,Animal,06/05/2022,Placeholder Info
420,Badger,50.89022,5.28222,Animal,06/05/2022,Placeholder Info
421,Roe Deer,49.6699,10.10324,Animal,06/05/2022,Placeholder Info
422,Fallow Deer,50.15234,15.96397,Animal,06/05/2022,Placeholder Info
423,Woodpecker,49.50464,10.29943,Animal,06/05/2022,Placeholder Info
424,Hare,51.79113,12.73396,Animal,06/05/2022,Placeholder Info
425,Fallow Deer,51.42045,15.35738,Animal,06/05/2022,Placeholder Info
426,Rabbit,51.35852,4.94857,Animal,06/05/2022,Placeholder Info
427,Stoat,48.62074,7.21944,Animal,06/05/2022,Placeholder Info
428,Rabbit,49.14617,6.58064,Animal,06/05/2022,Placeholder Info
429,Stoat,51.48483,7.58226,Animal,06/05/2022,Placeholder Info
430,Ortolan Bunting,49.85325,13.86956,Animal,06/05/2022,Placeholder Info
431,Hare,50.40077,6.75457,Animal,06/05/2022,Placeholder Info
432,Badger,48.43438,16.46681,Animal,06/05/2022,Placeholder Info
433,Stoat,51.0078,5.5345,Animal,06/05/2022,Placeholder Info
434,Ortolan Bunting,51.5845,17.06743,Animal,06/05/2022,Placeholder Info
435,Hare,48.43453,15.34388,Animal,06/05/2022,Placeholder Info
436,Ortolan Bunting,50.00578,12.76559,Animal,06/05/2022,Placeholder Info
437,Hare,49.85721,4.74652,Animal,06/05/2022,Placeholder Info
438,European Viper,51.12805,17.48031,Animal,06/05/2022,Placeholder Info
439,Ortolan Bunting,48.5053,7.83227,Animal,06/05/2022,Placeholder Info
440,Fire Salamander,51.72871,15.89417,Animal,06/05/2022,Placeholder Info
441,Hare,49.6361,17.69617,Animal,06/05/2022,Placeholder Info
442,European Viper,49.89413,9.307,Animal,06/05/2022,Placeholder Info
443,Wolf,50.55046,17.34221,Animal,06/05/2022,Placeholder Info
444,Roe Deer,47.74197,6.4081,Animal,06/05/2022,Placeholder Info
445,European Viper,49.56254,13.02788,Animal,06/05/2022,Placeholder Info
446,Badger,48.36097,8.03107,Animal,06/05/2022,Placeholder Info
447,Rabbit,51.54814,10.57323,Animal,06/05/2022,Placeholder Info
448,Woodpecker,50.75996,5.08128,Animal,06/05/2022,Placeholder Info
449,Ortolan Bunting,50.96905,10.97723,Animal,06/05/2022,Placeholder Info
450,Fire Salamander,47.23978,6.72973,Animal,06/05/2022,Placeholder Info
451,Roe Deer,50.46247,6.46486,Animal,06/05/2022,Placeholder Info
452,Woodpecker,48.27835,5.2702,Animal,06/05/2022,Placeholder Info
453,European Viper,51.6341,7.20643,Animal,06/05/2022,Placeholder Info
454,Fire Salamander,48.06927,14.95179,Animal,06/05/2022,Placeholder Info
455,Rabbit,50.31469,4.77857,Animal,06/05/2022,Placeholder Info
456,Fire Salamander,51.03428,7.33915,Animal,06/05/2022,Placeholder Info
457,Fire Ant,50.10185,13.99766,Animal,06/05/2022,Placeholder Info
458,Roe Deer,51.37123,14.43016,Animal,06/05/2022,Placeholder Info
459,Roe Deer,48.42814,10.19996,Animal,06/05/2022,Placeholder Info
460,Wolf,49.34112,10.81411,Animal,06/05/2022,Placeholder Info
461,Woodpecker,47.10338,9.5579,Animal,06/05/2022,Placeholder Info
462,Hare,49.15703,12.91166,Animal,06/05/2022,Placeholder Info
463,Woodpecker,48.05337,9.35344,Animal,06/05/2022,Placeholder Info
464,Woodpecker,51.50964,14.98788,Animal,06/05/2022,Placeholder Info
465,Woodpecker,48.76231,16.03154,Animal,06/05/2022,Placeholder Info
466,Roe Deer,49.80184,17.95607,Animal,06/05/2022,Placeholder Info
467,Wolf,50.20466,4.31676,Animal,06/05/2022,Placeholder Info
468,Wolf,48.97309,11.09869,Animal,06/05/2022,Placeholder Info
469,Wolf,51.92899,10.81752,Animal,06/05/2022,Placeholder Info
470,Fire Ant,50.42779,8.68376,Animal,06/05/2022,Placeholder Info
471,Hare,50.85738,9.90806,Animal,06/05/2022,Placeholder Info
472,Fire Salamander,49.44799,17.93309,Animal,06/05/2022,Placeholder Info
473,Roe Deer,48.97006,14.34679,Animal,06/05/2022,Placeholder Info
474,Fire Salamander,50.08302,6.87953,Animal,06/05/2022,Placeholder Info
475,Fallow Deer,51.31291,11.59614,Animal,06/05/2022,Placeholder Info
476,Fallow Deer,47.67923,6.2363,Animal,06/05/2022,Placeholder Info
477,Ortolan Bunting,47.95567,13.13124,Animal,06/05/2022,Placeholder Info
478,Stoat,51.81673,5.47808,Animal,06/05/2022,Placeholder Info
479,Roe Deer,47.89937,13.05471,Animal,06/05/2022,Placeholder Info
480,European Viper,51.02083,11.82901,Animal,06/05/2022,Placeholder Info
481,Fire Ant,47.15225,6.48711,Animal,06/05/2022,Placeholder Info
482,Fallow Deer,50.53834,6.64406,Animal,06/05/2022,Placeholder Info
483,Wolf,51.56946,17.50558,Animal,06/05/2022,Placeholder Info
484,European Viper,47.22557,11.83055,Animal,06/05/2022,Placeholder Info
485,Fallow Deer,51.85116,4.38615,Animal,06/05/2022,Placeholder Info
486,Woodpecker,47.31629,5.64578,Animal,06/05/2022,Placeholder Info
487,Fire Salamander,47.02856,13.52069,Animal,06/05/2022,Placeholder Info
488,Hare,50.45915,8.11255,Animal,06/05/2022,Placeholder Info
489,Ortolan Bunting,49.84626,9.00529,Animal,06/05/2022,Placeholder Info
490,Fire Ant,49.70828,4.15062,Animal,06/05/2022,Placeholder Info
491,European Viper,50.41966,5.9642,Animal,06/05/2022,Placeholder Info
492,Stoat,49.12988,14.20225,Animal,06/05/2022,Placeholder Info
493,Woodpecker,50.80975,13.88404,Animal,06/05/2022,Placeholder Info
494,Fire Salamander,51.80386,9.68497,Animal,06/05/2022,Placeholder Info
495,Fire Ant,51.49987,15.62114,Animal,06/05/2022,Placeholder Info
496,Fire Ant,51.68559,14.80376,Animal,06/05/2022,Placeholder Info
497,Fallow Deer,51.50545,5.74205,Animal,06/05/2022,Placeholder Info
498,Rabbit,47.88394,17.86985,Animal,06/05/2022,Placeholder Info
499,Rabbit,50.26319,6.85626,Animal,06/05/2022,Placeholder Info
500,Gentiana Pneumonanthe,47.72535,4.12192,Plant,06/05/2022,Placeholder Info
501,Myriophyllum Verticillatum,48.27721,6.05174,Plant,06/05/2022,Placeholder Info
502,Daisy,48.32909,18.1784,Plant,06/05/2022,Placeholder Info
503,Daisy,50.78865,22.27079,Plant,06/05/2022,Placeholder Info
504,Myriophyllum Verticillatum,50.57825,19.71323,Plant,06/05/2022,Placeholder Info
505,Myriophyllum Verticillatum,49.98643,16.49259,Plant,06/05/2022,Placeholder Info
506,Myriophyllum Verticillatum,49.86933,5.43765,Plant,06/05/2022,Placeholder Info
507,Japanese Knotweed,49.59302,22.22235,Plant,06/05/2022,Placeholder Info
508,Myriophyllum Verticillatum,47.21829,16.96564,Plant,06/05/2022,Placeholder Info
509,Gentiana Pneumonanthe,47.34535,20.40566,Plant,06/05/2022,Placeholder Info
510,Gentiana Pneumonanthe,51.85799,21.88977,Plant,06/05/2022,Placeholder Info
511,Gentiana Pneumonanthe,47.18149,8.76201,Plant,06/05/2022,Placeholder Info
512,Yellow Water-Lily,49.47236,11.30785,Plant,06/05/2022,Placeholder Info
513,Daisy,51.26583,24.19264,Plant,06/05/2022,Placeholder Info
514,Gentiana Pneumonanthe,51.49522,24.10737,Plant,06/05/2022,Placeholder Info
515,Yellow Water-Lily,48.90937,25.69694,Plant,06/05/2022,Placeholder Info
516,Yellow Water-Lily,47.50833,25.63093,Plant,06/05/2022,Placeholder Info
517,Myriophyllum Verticillatum,50.24514,24.90852,Plant,06/05/2022,Placeholder Info
518,Yellow Water-Lily,47.21892,5.83991,Plant,06/05/2022,Placeholder Info
519,Japanese Knotweed,48.49055,21.8954,Plant,06/05/2022,Placeholder Info
520,Yellow Water-Lily,50.05906,10.56997,Plant,06/05/2022,Placeholder Info
521,Daisy,49.20019,11.72202,Plant,06/05/2022,Placeholder Info
522,Japanese Knotweed,49.90698,5.31159,Plant,06/05/2022,Placeholder Info
523,Myriophyllum Verticillatum,48.24438,12.49057,Plant,06/05/2022,Placeholder Info
524,Daisy,50.07545,24.64107,Plant,06/05/2022,Placeholder Info
525,Yellow Water-Lily,48.94889,16.95886,Plant,06/05/2022,Placeholder Info
526,Yellow Water-Lily,51.96918,16.81286,Plant,06/05/2022,Placeholder Info
527,Yellow Water-Lily,51.48211,17.12959,Plant,06/05/2022,Placeholder Info
528,Japanese Knotweed,47.61415,16.42296,Plant,06/05/2022,Placeholder Info
529,Japanese Knotweed,47.2923,15.97432,Plant,06/05/2022,Placeholder Info
530,Japanese Knotweed,47.72967,5.49738,Plant,06/05/2022,Placeholder Info
531,Japanese Knotweed,50.79071,11.44265,Plant,06/05/2022,Placeholder Info
532,Japanese Knotweed,50.07313,20.5435,Plant,06/05/2022,Placeholder Info
533,Daisy,48.11775,25.18208,Plant,06/05/2022,Placeholder Info
534,Gentiana Pneumonanthe,49.69077,17.99413,Plant,06/05/2022,Placeholder Info
535,Daisy,50.55443,7.50395,Plant,06/05/2022,Placeholder Info
536,Yellow Water-Lily,47.94868,16.03412,Plant,06/05/2022,Placeholder Info
537,Japanese Knotweed,51.5654,8.41366,Plant,06/05/2022,Placeholder Info
538,Yellow Water-Lily,50.74446,17.75122,Plant,06/05/2022,Placeholder Info
539,Yellow Water-Lily,49.15809,23.58693,Plant,06/05/2022,Placeholder Info
540,Myriophyllum Verticillatum,48.25876,20.63606,Plant,06/05/2022,Placeholder Info
541,Myriophyllum Verticillatum,48.54249,27.19119,Plant,06/05/2022,Placeholder Info
542,Gentiana Pneumonanthe,48.79547,25.21492,Plant,06/05/2022,Placeholder Info
543,Gentiana Pneumonanthe,51.5479,6.22266,Plant,06/05/2022,Placeholder Info
544,Gentiana Pneumonanthe,47.19691,21.65663,Plant,06/05/2022,Placeholder Info
545,Yellow Water-Lily,47.30552,17.27107,Plant,06/05/2022,Placeholder Info
546,Gentiana Pneumonanthe,48.39683,21.21995,Plant,06/05/2022,Placeholder Info
547,Myriophyllum Verticillatum,50.89555,26.29522,Plant,06/05/2022,Placeholder Info
548,Gentiana Pneumonanthe,50.01269,12.44394,Plant,06/05/2022,Placeholder Info
549,Japanese Knotweed,49.24323,15.71573,Plant,06/05/2022,Placeholder Info
550,Myriophyllum Verticillatum,51.60896,25.83737,Plant,06/05/2022,Placeholder Info
551,Myriophyllum Verticillatum,50.56732,5.82771,Plant,06/05/2022,Placeholder Info
552,Gentiana Pneumonanthe,51.42228,26.02183,Plant,06/05/2022,Placeholder Info
553,Gentiana Pneumonanthe,47.48742,12.90122,Plant,06/05/2022,Placeholder Info
554,Myriophyllum Verticillatum,48.7801,11.44585,Plant,06/05/2022,Placeholder Info
555,Daisy,49.81472,5.04067,Plant,06/05/2022,Placeholder Info
556,Japanese Knotweed,48.16201,5.95738,Plant,06/05/2022,Placeholder Info
557,Gentiana Pneumonanthe,47.32672,4.76247,Plant,06/05/2022,Placeholder Info
558,Yellow Water-Lily,50.6077,6.23517,Plant,06/05/2022,Placeholder Info
559,Yellow Water-Lily,48.32115,20.02997,Plant,06/05/2022,Placeholder Info
560,Daisy,49.75121,15.06438,Plant,06/05/2022,Placeholder Info
561,Japanese Knotweed,49.72058,22.96581,Plant,06/05/2022,Placeholder Info
562,Gentiana Pneumonanthe,51.79765,14.24033,Plant,06/05/2022,Placeholder Info
563,Yellow Water-Lily,50.42378,21.44326,Plant,06/05/2022,Placeholder Info
564,Daisy,47.69606,23.68194,Plant,06/05/2022,Placeholder Info
565,Japanese Knotweed,48.47378,13.86346,Plant,06/05/2022,Placeholder Info
566,Myriophyllum Verticillatum,48.38637,12.13992,Plant,06/05/2022,Placeholder Info
567,Myriophyllum Verticillatum,51.54,8.03358,Plant,06/05/2022,Placeholder Info
568,Daisy,48.87909,20.50262,Plant,06/05/2022,Placeholder Info
569,Myriophyllum Verticillatum,50.98548,20.59596,Plant,06/05/2022,Placeholder Info
570,Gentiana Pneumonanthe,51.1429,11.80729,Plant,06/05/2022,Placeholder Info
571,Daisy,51.79836,26.05035,Plant,06/05/2022,Placeholder Info
572,Gentiana Pneumonanthe,48.31345,25.89349,Plant,06/05/2022,Placeholder Info
573,Yellow Water-Lily,47.80092,4.77259,Plant,06/05/2022,Placeholder Info
574,Myriophyllum Verticillatum,50.14021,18.00136,Plant,06/05/2022,Placeholder Info
575,Gentiana Pneumonanthe,47.44038,18.23046,Plant,06/05/2022,Placeholder Info
576,Japanese Knotweed,47.93279,28.00011,Plant,06/05/2022,Placeholder Info
577,Gentiana Pneumonanthe,50.83087,26.82963,Plant,06/05/2022,Placeholder Info
578,Myriophyllum Verticillatum,49.13443,5.21107,Plant,06/05/2022,Placeholder Info
579,Myriophyllum Verticillatum,51.47745,19.09194,Plant,06/05/2022,Placeholder Info
580,Daisy,50.25059,11.20944,Plant,06/05/2022,Placeholder Info
581,Daisy,50.04687,11.11161,Plant,06/05/2022,Placeholder Info
582,Myriophyllum Verticillatum,48.01938,25.4175,Plant,06/05/2022,Placeholder Info
583,Yellow Water-Lily,48.77397,20.44511,Plant,06/05/2022,Placeholder Info
584,Daisy,47.06408,22.63118,Plant,06/05/2022,Placeholder Info
585,Gentiana Pneumonanthe,51.15149,19.12799,Plant,06/05/2022,Placeholder Info
586,Japanese Knotweed,51.9335,8.98529,Plant,06/05/2022,Placeholder Info
587,Gentiana Pneumonanthe,48.3492,22.64802,Plant,06/05/2022,Placeholder Info
588,Daisy,51.84872,22.93064,Plant,06/05/2022,Placeholder Info
589,Japanese Knotweed,50.00909,26.20804,Plant,06/05/2022,Placeholder Info
590,Japanese Knotweed,50.18292,16.57132,Plant,06/05/2022,Placeholder Info
591,Myriophyllum Verticillatum,49.09032,7.98911,Plant,06/05/2022,Placeholder Info
592,Gentiana Pneumonanthe,49.99392,21.55917,Plant,06/05/2022,Placeholder Info
593,Daisy,47.10604,18.46072,Plant,06/05/2022,Placeholder Info
594,Daisy,51.14018,26.95285,Plant,06/05/2022,Placeholder Info
595,Gentiana Pneumonanthe,49.60595,11.53241,Plant,06/05/2022,Placeholder Info
596,Japanese Knotweed,47.32592,22.69226,Plant,06/05/2022,Placeholder Info
597,Japanese Knotweed,51.76404,14.02585,Plant,06/05/2022,Placeholder Info
598,Daisy,50.52324,26.50613,Plant,06/05/2022,Placeholder Info
599,Gentiana Pneumonanthe,47.40771,21.12006,Plant,06/05/2022,Placeholder Info
600,Myriophyllum Verticillatum,48.21859,14.23729,Plant,06/05/2022,Placeholder Info
601,Gentiana Pneumonanthe,49.28698,14.23493,Plant,06/05/2022,Placeholder Info
602,Gentiana Pneumonanthe,51.79279,26.92297,Plant,06/05/2022,Placeholder Info
603,Yellow Water-Lily,50.29437,16.2119,Plant,06/05/2022,Placeholder Info
604,Myriophyllum Verticillatum,48.32466,10.11188,Plant,06/05/2022,Placeholder Info
605,Japanese Knotweed,51.86652,6.47836,Plant,06/05/2022,Placeholder Info
606,Daisy,48.64885,11.29615,Plant,06/05/2022,Placeholder Info
607,Yellow Water-Lily,48.06432,26.00487,Plant,06/05/2022,Placeholder Info
608,Myriophyllum Verticillatum,48.75429,14.90019,Plant,06/05/2022,Placeholder Info
609,Yellow Water-Lily,50.6492,13.40151,Plant,06/05/2022,Placeholder Info
610,Myriophyllum Verticillatum,47.32004,7.00127,Plant,06/05/2022,Placeholder Info
611,Daisy,51.97472,23.47565,Plant,06/05/2022,Placeholder Info
612,Japanese Knotweed,47.24892,14.90306,Plant,06/05/2022,Placeholder Info
613,Japanese Knotweed,51.69949,27.76881,Plant,06/05/2022,Placeholder Info
614,Japanese Knotweed,48.23652,4.70799,Plant,06/05/2022,Placeholder Info
615,Yellow Water-Lily,47.45301,23.02862,Plant,06/05/2022,Placeholder Info
616,Yellow Water-Lily,51.9688,14.30276,Plant,06/05/2022,Placeholder Info
617,Myriophyllum Verticillatum,50.43044,26.48164,Plant,06/05/2022,Placeholder Info
618,Japanese Knotweed,47.08681,25.44684,Plant,06/05/2022,Placeholder Info
619,Daisy,48.84769,24.10178,Plant,06/05/2022,Placeholder Info
620,Gentiana Pneumonanthe,50.42536,23.61426,Plant,06/05/2022,Placeholder Info
621,Japanese Knotweed,49.14075,5.6421,Plant,06/05/2022,Placeholder Info
622,Myriophyllum Verticillatum,49.77477,9.96292,Plant,06/05/2022,Placeholder Info
623,Daisy,49.51592,20.92452,Plant,06/05/2022,Placeholder Info
624,Japanese Knotweed,48.65985,13.08061,Plant,06/05/2022,Placeholder Info
625,Myriophyllum Verticillatum,49.82137,25.71543,Plant,06/05/2022,Placeholder Info
626,Daisy,47.02782,17.18623,Plant,06/05/2022,Placeholder Info
627,Myriophyllum Verticillatum,50.6569,15.27549,Plant,06/05/2022,Placeholder Info
628,Gentiana Pneumonanthe,50.47856,19.94547,Plant,06/05/2022,Placeholder Info
629,Gentiana Pneumonanthe,50.77858,21.79563,Plant,06/05/2022,Placeholder Info
630,Japanese Knotweed,48.78808,25.81904,Plant,06/05/2022,Placeholder Info
631,Myriophyllum Verticillatum,47.22588,22.45796,Plant,06/05/2022,Placeholder Info
632,Gentiana Pneumonanthe,49.33039,10.59716,Plant,06/05/2022,Placeholder Info
633,Myriophyllum Verticillatum,48.15613,21.56687,Plant,06/05/2022,Placeholder Info
634,Yellow Water-Lily,49.51052,9.06382,Plant,06/05/2022,Placeholder Info
635,Japanese Knotweed,49.7589,10.88503,Plant,06/05/2022,Placeholder Info
636,Myriophyllum Verticillatum,51.73999,12.72673,Plant,06/05/2022,Placeholder Info
637,Daisy,50.99473,5.2832,Plant,06/05/2022,Placeholder Info
638,Myriophyllum Verticillatum,51.56013,15.56947,Plant,06/05/2022,Placeholder Info
639,Japanese Knotweed,50.46387,10.70705,Plant,06/05/2022,Placeholder Info
640,Yellow Water-Lily,51.61416,19.84119,Plant,06/05/2022,Placeholder Info
641,Daisy,47.22509,13.27647,Plant,06/05/2022,Placeholder Info
642,Daisy,48.46857,13.88897,Plant,06/05/2022,Placeholder Info
643,Gentiana Pneumonanthe,50.86613,21.35709,Plant,06/05/2022,Placeholder Info
644,Yellow Water-Lily,51.38026,11.78494,Plant,06/05/2022,Placeholder Info
645,Daisy,50.61582,24.72955,Plant,06/05/2022,Placeholder Info
646,Daisy,51.32738,21.51488,Plant,06/05/2022,Placeholder Info
647,Yellow Water-Lily,49.89179,14.55909,Plant,06/05/2022,Placeholder Info
648,Myriophyllum Verticillatum,49.63929,21.14034,Plant,06/05/2022,Placeholder Info
649,Gentiana Pneumonanthe,51.33706,13.36202,Plant,06/05/2022,Placeholder Info
650,Yellow Water-Lily,50.68453,22.59066,Plant,06/05/2022,Placeholder Info
651,Japanese Knotweed,47.26036,14.30342,Plant,06/05/2022,Placeholder Info
652,Daisy,50.52061,22.35624,Plant,06/05/2022,Placeholder Info
653,Myriophyllum Verticillatum,47.58037,7.33143,Plant,06/05/2022,Placeholder Info
654,Daisy,48.38626,6.03609,Plant,06/05/2022,Placeholder Info
655,Daisy,48.4369,9.99312,Plant,06/05/2022,Placeholder Info
656,Japanese Knotweed,47.54129,18.41383,Plant,06/05/2022,Placeholder Info
657,Daisy,49.32082,24.25367,Plant,06/05/2022,Placeholder Info
658,Yellow Water-Lily,47.59291,22.56241,Plant,06/05/2022,Placeholder Info
659,Myriophyllum Verticillatum,50.17744,18.69402,Plant,06/05/2022,Placeholder Info
660,Daisy,50.08298,4.63599,Plant,06/05/2022,Placeholder Info
661,Gentiana Pneumonanthe,47.6048,11.82983,Plant,06/05/2022,Placeholder Info
662,Japanese Knotweed,50.42257,22.3122,Plant,06/05/2022,Placeholder Info
663,Yellow Water-Lily,50.33839,26.17006,Plant,06/05/2022,Placeholder Info
664,Myriophyllum Verticillatum,49.55747,5.92705,Plant,06/05/2022,Placeholder Info
665,Gentiana Pneumonanthe,51.55743,10.09503,Plant,06/05/2022,Placeholder Info
666,Yellow Water-Lily,51.85978,22.4401,Plant,06/05/2022,Placeholder Info
667,Myriophyllum Verticillatum,47.42545,16.67252,Plant,06/05/2022,Placeholder Info
668,Myriophyllum Verticillatum,47.61851,11.47364,Plant,06/05/2022,Placeholder Info
669,Gentiana Pneumonanthe,48.53328,24.31453,Plant,06/05/2022,Placeholder Info
670,Yellow Water-Lily,47.39504,12.41183,Plant,06/05/2022,Placeholder Info
671,Daisy,50.2585,8.19929,Plant,06/05/2022,Placeholder Info
672,Myriophyllum Verticillatum,50.22673,18.72934,Plant,06/05/2022,Placeholder Info
673,Yellow Water-Lily,51.55565,24.8318,Plant,06/05/2022,Placeholder Info
674,Gentiana Pneumonanthe,48.85377,6.59392,Plant,06/05/2022,Placeholder Info
675,Myriophyllum Verticillatum,49.28251,27.15125,Plant,06/05/2022,Placeholder Info
676,Myriophyllum Verticillatum,50.29452,22.9957,Plant,06/05/2022,Placeholder Info
677,Yellow Water-Lily,50.20972,4.52212,Plant,06/05/2022,Placeholder Info
678,Japanese Knotweed,47.18505,11.90859,Plant,06/05/2022,Placeholder Info
679,Daisy,47.01471,11.16002,Plant,06/05/2022,Placeholder Info
680,Myriophyllum Verticillatum,48.29524,9.77702,Plant,06/05/2022,Placeholder Info
681,Myriophyllum Verticillatum,51.9821,17.43744,Plant,06/05/2022,Placeholder Info
682,Daisy,49.71435,16.90086,Plant,06/05/2022,Placeholder Info
683,Daisy,49.84202,8.70159,Plant,06/05/2022,Placeholder Info
684,Myriophyllum Verticillatum,50.72457,23.27065,Plant,06/05/2022,Placeholder Info
685,Daisy,47.26688,14.64644,Plant,06/05/2022,Placeholder Info
686,Daisy,48.63491,17.54238,Plant,06/05/2022,Placeholder Info
687,Japanese Knotweed,47.09148,4.27229,Plant,06/05/2022,Placeholder Info
688,Myriophyllum Verticillatum,51.32824,26.99756,Plant,06/05/2022,Placeholder Info
689,Daisy,49.6468,15.24791,Plant,06/05/2022,Placeholder Info
690,Yellow Water-Lily,50.46142,21.31693,Plant,06/05/2022,Placeholder Info
691,Daisy,50.3502,8.50465,Plant,06/05/2022,Placeholder Info
692,Myriophyllum Verticillatum,47.94699,22.79377,Plant,06/05/2022,Placeholder Info
693,Japanese Knotweed,49.33346,20.45012,Plant,06/05/2022,Placeholder Info
694,Myriophyllum Verticillatum,50.26023,19.84821,Plant,06/05/2022,Placeholder Info
695,Yellow Water-Lily,48.36418,4.65889,Plant,06/05/2022,Placeholder Info
696,Gentiana Pneumonanthe,51.31165,7.0081,Plant,06/05/2022,Placeholder Info
697,Gentiana Pneumonanthe,50.16162,15.3614,Plant,06/05/2022,Placeholder Info
698,Daisy,50.77914,23.13067,Plant,06/05/2022,Placeholder Info
699,Yellow Water-Lily,47.12364,20.72237,Plant,06/05/2022,Placeholder Info
700,Japanese Knotweed,51.73676,23.79499,Plant,06/05/2022,Placeholder Info
701,Yellow Water-Lily,47.09067,23.50882,Plant,06/05/2022,Placeholder Info
702,Yellow Water-Lily,49.40756,4.48785,Plant,06/05/2022,Placeholder Info
703,Daisy,51.32994,20.19517,Plant,06/05/2022,Placeholder Info
704,Myriophyllum Verticillatum,47.92214,23.99393,Plant,06/05/2022,Placeholder Info
705,Yellow Water-Lily,49.50548,7.80531,Plant,06/05/2022,Placeholder Info
706,Yellow Water-Lily,51.49357,25.07749,Plant,06/05/2022,Placeholder Info
707,Gentiana Pneumonanthe,51.62044,18.21514,Plant,06/05/2022,Placeholder Info
708,Myriophyllum Verticillatum,51.72945,11.23226,Plant,06/05/2022,Placeholder Info
709,Japanese Knotweed,47.65046,6.36997,Plant,06/05/2022,Placeholder Info
710,Daisy,50.63539,6.3595,Plant,06/05/2022,Placeholder Info
711,Yellow Water-Lily,51.4818,11.58961,Plant,06/05/2022,Placeholder Info
712,Yellow Water-Lily,47.66561,26.21067,Plant,06/05/2022,Placeholder Info
713,Myriophyllum Verticillatum,49.87089,9.07191,Plant,06/05/2022,Placeholder Info
714,Japanese Knotweed,50.78064,6.09845,Plant,06/05/2022,Placeholder Info
715,Japanese Knotweed,48.09711,23.78034,Plant,06/05/2022,Placeholder Info
716,Myriophyllum Verticillatum,50.4724,24.37715,Plant,06/05/2022,Placeholder Info
717,Gentiana Pneumonanthe,49.53971,21.45804,Plant,06/05/2022,Placeholder Info
718,Daisy,48.87756,10.82129,Plant,06/05/2022,Placeholder Info
719,Yellow Water-Lily,50.27775,19.81282,Plant,06/05/2022,Placeholder Info
720,Myriophyllum Verticillatum,50.2018,26.5666,Plant,06/05/2022,Placeholder Info
721,Gentiana Pneumonanthe,51.78646,24.49286,Plant,06/05/2022,Placeholder Info
722,Myriophyllum Verticillatum,50.28076,21.41912,Plant,06/05/2022,Placeholder Info
723,Gentiana Pneumonanthe,49.28788,23.02991,Plant,06/05/2022,Placeholder Info
724,Japanese Knotweed,50.77953,23.45158,Plant,06/05/2022,Placeholder Info
725,Myriophyllum Verticillatum,47.22119,16.15483,Plant,06/05/2022,Placeholder Info
726,Daisy,49.37914,22.51093,Plant,06/05/2022,Placeholder Info
727,Gentiana Pneumonanthe,47.78715,13.31939,Plant,06/05/2022,Placeholder Info
728,Yellow Water-Lily,47.9937,6.0646,Plant,06/05/2022,Placeholder Info
729,Daisy,47.75339,12.40843,Plant,06/05/2022,Placeholder Info
730,Gentiana Pneumonanthe,50.00133,13.04271,Plant,06/05/2022,Placeholder Info
731,Myriophyllum Verticillatum,50.46486,7.05176,Plant,06/05/2022,Placeholder Info
732,Yellow Water-Lily,50.54442,6.85828,Plant,06/05/2022,Placeholder Info
733,Japanese Knotweed,49.50279,21.15335,Plant,06/05/2022,Placeholder Info
734,Daisy,48.20434,27.42809,Plant,06/05/2022,Placeholder Info
735,Myriophyllum Verticillatum,49.85119,5.66363,Plant,06/05/2022,Placeholder Info
736,Gentiana Pneumonanthe,47.25871,14.60692,Plant,06/05/2022,Placeholder Info
737,Daisy,50.90229,14.55724,Plant,06/05/2022,Placeholder Info
738,Gentiana Pneumonanthe,48.29372,7.22209,Plant,06/05/2022,Placeholder Info
739,Gentiana Pneumonanthe,47.436,17.64407,Plant,06/05/2022,Placeholder Info
740,Daisy,51.34305,19.35696,Plant,06/05/2022,Placeholder Info
741,Yellow Water-Lily,48.30734,7.79245,Plant,06/05/2022,Placeholder Info
742,Gentiana Pneumonanthe,51.91034,13.42349,Plant,06/05/2022,Placeholder Info
743,Daisy,50.78131,8.57059,Plant,06/05/2022,Placeholder Info
744,Yellow Water-Lily,48.25514,20.43699,Plant,06/05/2022,Placeholder Info
745,Myriophyllum Verticillatum,48.28888,13.43203,Plant,06/05/2022,Placeholder Info
746,Yellow Water-Lily,47.01387,24.77866,Plant,06/05/2022,Placeholder Info
747,Yellow Water-Lily,50.89148,13.11509,Plant,06/05/2022,Placeholder Info
748,Gentiana Pneumonanthe,47.2668,19.49878,Plant,06/05/2022,Placeholder Info
749,Myriophyllum Verticillatum,47.85301,27.93341,Plant,06/05/2022,Placeholder Info
750,Gentiana Pneumonanthe,48.36136,19.59439,Plant,06/05/2022,Placeholder Info
751,Myriophyllum Verticillatum,51.84964,15.63903,Plant,06/05/2022,Placeholder Info
752,Daisy,50.74713,24.73569,Plant,06/05/2022,Placeholder Info
753,Gentiana Pneumonanthe,50.4163,20.053,Plant,06/05/2022,Placeholder Info
754,Japanese Knotweed,49.38343,9.49064,Plant,06/05/2022,Placeholder Info
755,Myriophyllum Verticillatum,51.5373,12.11664,Plant,06/05/2022,Placeholder Info
756,Gentiana Pneumonanthe,48.4879,10.83506,Plant,06/05/2022,Placeholder Info
757,Gentiana Pneumonanthe,49.49447,22.34704,Plant,06/05/2022,Placeholder Info
758,Japanese Knotweed,49.69544,9.44736,Plant,06/05/2022,Placeholder Info
759,Gentiana Pneumonanthe,50.97739,9.26118,Plant,06/05/2022,Placeholder Info
760,Japanese Knotweed,47.52171,10.16092,Plant,06/05/2022,Placeholder Info
761,Yellow Water-Lily,50.54126,23.98101,Plant,06/05/2022,Placeholder Info
762,Gentiana Pneumonanthe,47.46504,6.63817,Plant,06/05/2022,Placeholder Info
763,Yellow Water-Lily,48.74696,5.27831,Plant,06/05/2022,Placeholder Info
764,Japanese Knotweed,51.65083,26.86157,Plant,06/05/2022,Placeholder Info
765,Japanese Knotweed,49.31224,12.88507,Plant,06/05/2022,Placeholder Info
766,Myriophyllum Verticillatum,49.16287,19.46943,Plant,06/05/2022,Placeholder Info
767,Yellow Water-Lily,51.64856,10.1252,Plant,06/05/2022,Placeholder Info
768,Yellow Water-Lily,49.23805,12.74135,Plant,06/05/2022,Placeholder Info
769,Japanese Knotweed,49.30498,25.26402,Plant,06/05/2022,Placeholder Info
770,Myriophyllum Verticillatum,51.86369,18.2475,Plant,06/05/2022,Placeholder Info
771,Japanese Knotweed,50.76623,25.67004,Plant,06/05/2022,Placeholder Info
772,Daisy,51.94505,21.50371,Plant,06/05/2022,Placeholder Info
773,Daisy,51.87034,22.00288,Plant,06/05/2022,Placeholder Info
774,Yellow Water-Lily,48.12812,24.88112,Plant,06/05/2022,Placeholder Info
775,Japanese Knotweed,51.95761,5.37574,Plant,06/05/2022,Placeholder Info
776,Daisy,48.60174,16.25452,Plant,06/05/2022,Placeholder Info
777,Gentiana Pneumonanthe,51.88947,15.44419,Plant,06/05/2022,Placeholder Info
778,Japanese Knotweed,49.12983,18.86986,Plant,06/05/2022,Placeholder Info
779,Gentiana Pneumonanthe,47.71584,21.8661,Plant,06/05/2022,Placeholder Info
780,Gentiana Pneumonanthe,47.35263,16.51298,Plant,06/05/2022,Placeholder Info
781,Myriophyllum Verticillatum,48.62148,26.36325,Plant,06/05/2022,Placeholder Info
782,Yellow Water-Lily,51.75676,18.61017,Plant,06/05/2022,Placeholder Info
783,Daisy,48.07106,7.18982,Plant,06/05/2022,Placeholder Info
784,Yellow Water-Lily,51.44208,11.27259,Plant,06/05/2022,Placeholder Info
785,Daisy,48.45862,26.53158,Plant,06/05/2022,Placeholder Info
786,Yellow Water-Lily,49.83771,24.04554,Plant,06/05/2022,Placeholder Info
787,Daisy,48.04605,11.57116,Plant,06/05/2022,Placeholder Info
788,Gentiana Pneumonanthe,51.94345,12.69142,Plant,06/05/2022,Placeholder Info
789,Gentiana Pneumonanthe,50.55126,21.69273,Plant,06/05/2022,Placeholder Info
790,Yellow Water-Lily,50.07765,13.80703,Plant,06/05/2022,Placeholder Info
791,Japanese Knotweed,51.66475,18.27248,Plant,06/05/2022,Placeholder Info
792,Yellow Water-Lily,50.81154,23.36827,Plant,06/05/2022,Placeholder Info
793,Japanese Knotweed,51.60255,11.87756,Plant,06/05/2022,Placeholder Info
794,Myriophyllum Verticillatum,51.59036,11.28186,Plant,06/05/2022,Placeholder Info
795,Gentiana Pneumonanthe,50.67362,22.74774,Plant,06/05/2022,Placeholder Info
796,Gentiana Pneumonanthe,51.7147,25.98016,Plant,06/05/2022,Placeholder Info
797,Daisy,51.3868,26.01503,Plant,06/05/2022,Placeholder Info
798,Japanese Knotweed,50.84008,24.86644,Plant,06/05/2022,Placeholder Info
799,Japanese Knotweed,51.06642,21.74231,Plant,06/05/2022,Placeholder Info
800,Yellow Water-Lily,51.48166,17.6815,Plant,06/05/2022,Placeholder Info
801,Gentiana Pneumonanthe,48.54815,14.5304,Plant,06/05/2022,Placeholder Info
802,Gentiana Pneumonanthe,47.68723,15.70184,Plant,06/05/2022,Placeholder Info
803,Yellow Water-Lily,47.38376,19.42802,Plant,06/05/2022,Placeholder Info
804,Gentiana Pneumonanthe,49.5865,22.00134,Plant,06/05/2022,Placeholder Info
805,Japanese Knotweed,51.59308,17.37261,Plant,06/05/2022,Placeholder Info
806,Japanese Knotweed,51.42112,9.71175,Plant,06/05/2022,Placeholder Info
807,Gentiana Pneumonanthe,48.48198,17.68022,Plant,06/05/2022,Placeholder Info
808,Gentiana Pneumonanthe,48.04954,13.9747,Plant,06/05/2022,Placeholder Info
809,Myriophyllum Verticillatum,51.79088,9.62744,Plant,06/05/2022,Placeholder Info
810,Japanese Knotweed,48.51258,10.68231,Plant,06/05/2022,Placeholder Info
811,Myriophyllum Verticillatum,51.79671,4.20268,Plant,06/05/2022,Placeholder Info
812,Japanese Knotweed,51.29662,20.12196,Plant,06/05/2022,Placeholder Info
813,Myriophyllum Verticillatum,50.71159,6.12119,Plant,06/05/2022,Placeholder Info
814,Yellow Water-Lily,48.53652,18.64362,Plant,06/05/2022,Placeholder Info
815,Gentiana Pneumonanthe,51.31784,9.80723,Plant,06/05/2022,Placeholder Info
816,Myriophyllum Verticillatum,48.63768,15.22615,Plant,06/05/2022,Placeholder Info
817,Myriophyllum Verticillatum,50.23437,20.95903,Plant,06/05/2022,Placeholder Info
818,Gentiana Pneumonanthe,48.72167,19.23045,Plant,06/05/2022,Placeholder Info
819,Daisy,47.93596,21.35909,Plant,06/05/2022,Placeholder Info
820,Yellow Water-Lily,47.07642,26.74535,Plant,06/05/2022,Placeholder Info
821,Japanese Knotweed,48.72661,27.66765,Plant,06/05/2022,Placeholder Info
822,Japanese Knotweed,49.83333,7.68779,Plant,06/05/2022,Placeholder Info
823,Japanese Knotweed,49.61961,27.21876,Plant,06/05/2022,Placeholder Info
824,Yellow Water-Lily,51.21644,15.94626,Plant,06/05/2022,Placeholder Info
825,Daisy,47.8858,25.9576,Plant,06/05/2022,Placeholder Info
826,Gentiana Pneumonanthe,48.23756,12.77674,Plant,06/05/2022,Placeholder Info
827,Yellow Water-Lily,48.61814,18.33759,Plant,06/05/2022,Placeholder Info
828,Daisy,47.04974,24.56267,Plant,06/05/2022,Placeholder Info
829,Yellow Water-Lily,47.26168,20.03904,Plant,06/05/2022,Placeholder Info
830,Myriophyllum Verticillatum,48.78135,25.40038,Plant,06/05/2022,Placeholder Info
831,Myriophyllum Verticillatum,50.14928,22.26095,Plant,06/05/2022,Placeholder Info
832,Daisy,48.47798,19.33057,Plant,06/05/2022,Placeholder Info
833,Yellow Water-Lily,47.02776,20.55598,Plant,06/05/2022,Placeholder Info
834,Daisy,48.6587,24.63935,Plant,06/05/2022,Placeholder Info
835,Yellow Water-Lily,49.32716,20.39736,Plant,06/05/2022,Placeholder Info
836,Daisy,49.81408,23.28828,Plant,06/05/2022,Placeholder Info
837,Gentiana Pneumonanthe,48.65224,10.37516,Plant,06/05/2022,Placeholder Info
838,Myriophyllum Verticillatum,47.05107,16.6804,Plant,06/05/2022,Placeholder Info
839,Myriophyllum Verticillatum,47.96783,14.88116,Plant,06/05/2022,Placeholder Info
840,Gentiana Pneumonanthe,48.27856,25.16971,Plant,06/05/2022,Placeholder Info
841,Yellow Water-Lily,47.56664,26.95238,Plant,06/05/2022,Placeholder Info
842,Yellow Water-Lily,47.15567,7.87915,Plant,06/05/2022,Placeholder Info
843,Japanese Knotweed,49.14627,21.72849,Plant,06/05/2022,Placeholder Info
844,Myriophyllum Verticillatum,48.11206,8.42666,Plant,06/05/2022,Placeholder Info
845,Japanese Knotweed,50.57411,16.37401,Plant,06/05/2022,Placeholder Info
846,Japanese Knotweed,50.41008,10.0858,Plant,06/05/2022,Placeholder Info
847,Yellow Water-Lily,50.78743,15.90545,Plant,06/05/2022,Placeholder Info
848,Yellow Water-Lily,50.50895,23.94657,Plant,06/05/2022,Placeholder Info
849,Japanese Knotweed,47.35999,14.62349,Plant,06/05/2022,Placeholder Info
850,Daisy,50.36696,22.22337,Plant,06/05/2022,Placeholder Info
851,Gentiana Pneumonanthe,50.86173,5.39486,Plant,06/05/2022,Placeholder Info
852,Gentiana Pneumonanthe,49.17565,12.30601,Plant,06/05/2022,Placeholder Info
853,Daisy,49.18525,13.70963,Plant,06/05/2022,Placeholder Info
854,Gentiana Pneumonanthe,50.83974,11.66403,Plant,06/05/2022,Placeholder Info
855,Japanese Knotweed,47.04699,22.29428,Plant,06/05/2022,Placeholder Info
856,Japanese Knotweed,49.34862,8.73309,Plant,06/05/2022,Placeholder Info
857,Yellow Water-Lily,47.97905,9.05139,Plant,06/05/2022,Placeholder Info
858,Daisy,50.89973,9.7494,Plant,06/05/2022,Placeholder Info
859,Yellow Water-Lily,49.52787,12.00922,Plant,06/05/2022,Placeholder Info
860,Gentiana Pneumonanthe,48.98528,17.4645,Plant,06/05/2022,Placeholder Info
861,Yellow Water-Lily,48.6856,16.49683,Plant,06/05/2022,Placeholder Info
862,Daisy,47.31089,5.43498,Plant,06/05/2022,Placeholder Info
863,Gentiana Pneumonanthe,49.91358,23.40712,Plant,06/05/2022,Placeholder Info
864,Japanese Knotweed,48.60336,12.51984,Plant,06/05/2022,Placeholder Info
865,Myriophyllum Verticillatum,48.12651,19.99867,Plant,06/05/2022,Placeholder Info
866,Japanese Knotweed,51.98894,9.07349,Plant,06/05/2022,Placeholder Info
867,Daisy,51.11492,25.43044,Plant,06/05/2022,Placeholder Info
868,Gentiana Pneumonanthe,47.076,19.59372,Plant,06/05/2022,Placeholder Info
869,Daisy,49.26983,23.08264,Plant,06/05/2022,Placeholder Info
870,Japanese Knotweed,47.82986,26.90705,Plant,06/05/2022,Placeholder Info
871,Myriophyllum Verticillatum,47.51982,24.26193,Plant,06/05/2022,Placeholder Info
872,Gentiana Pneumonanthe,49.69574,7.72586,Plant,06/05/2022,Placeholder Info
873,Yellow Water-Lily,49.47485,6.63607,Plant,06/05/2022,Placeholder Info
874,Daisy,50.10988,24.29805,Plant,06/05/2022,Placeholder Info
875,Gentiana Pneumonanthe,48.51331,8.33578,Plant,06/05/2022,Placeholder Info
876,Myriophyllum Verticillatum,47.75262,15.04509,Plant,06/05/2022,Placeholder Info
877,Gentiana Pneumonanthe,49.75147,13.15727,Plant,06/05/2022,Placeholder Info
878,Daisy,51.84194,19.9462,Plant,06/05/2022,Placeholder Info
879,Japanese Knotweed,51.29673,27.30783,Plant,06/05/2022,Placeholder Info
880,Yellow Water-Lily,50.45463,6.80542,Plant,06/05/2022,Placeholder Info
881,Myriophyllum Verticillatum,47.71233,20.41779,Plant,06/05/2022,Placeholder Info
882,Yellow Water-Lily,50.7407,19.07122,Plant,06/05/2022,Placeholder Info
883,Myriophyllum Verticillatum,51.18899,20.25302,Plant,06/05/2022,Placeholder Info
884,Myriophyllum Verticillatum,49.68221,7.45444,Plant,06/05/2022,Placeholder Info
885,Gentiana Pneumonanthe,49.93329,15.71256,Plant,06/05/2022,Placeholder Info
886,Myriophyllum Verticillatum,48.20424,5.62252,Plant,06/05/2022,Placeholder Info
887,Gentiana Pneumonanthe,48.89103,21.02586,Plant,06/05/2022,Placeholder Info
888,Daisy,48.91805,20.94733,Plant,06/05/2022,Placeholder Info
889,Japanese Knotweed,50.32999,19.44153,Plant,06/05/2022,Placeholder Info
890,Japanese Knotweed,48.46592,24.8776,Plant,06/05/2022,Placeholder Info
891,Myriophyllum Verticillatum,49.50164,6.10784,Plant,06/05/2022,Placeholder Info
892,Daisy,47.31126,15.94318,Plant,06/05/2022,Placeholder Info
893,Gentiana Pneumonanthe,47.15643,13.3847,Plant,06/05/2022,Placeholder Info
894,Myriophyllum Verticillatum,48.55455,27.48459,Plant,06/05/2022,Placeholder Info
895,Myriophyllum Verticillatum,49.15104,15.88137,Plant,06/05/2022,Placeholder Info
896,Japanese Knotweed,47.96492,9.60475,Plant,06/05/2022,Placeholder Info
897,Myriophyllum Verticillatum,47.53445,20.10428,Plant,06/05/2022,Placeholder Info
898,Yellow Water-Lily,48.57494,12.81605,Plant,06/05/2022,Placeholder Info
899,Yellow Water-Lily,50.23544,20.70377,Plant,06/05/2022,Placeholder Info
900,Yellow Water-Lily,49.1385,4.26849,Plant,06/05/2022,Placeholder Info
901,Myriophyllum Verticillatum,48.68197,17.58162,Plant,06/05/2022,Placeholder Info
902,Myriophyllum Verticillatum,49.91902,24.81329,Plant,06/05/2022,Placeholder Info
903,Japanese Knotweed,49.77364,18.13306,Plant,06/05/2022,Placeholder Info
904,Daisy,48.05635,21.73905,Plant,06/05/2022,Placeholder Info
905,Japanese Knotweed,50.97745,14.38865,Plant,06/05/2022,Placeholder Info
906,Gentiana Pneumonanthe,51.36633,12.3893,Plant,06/05/2022,Placeholder Info
907,Myriophyllum Verticillatum,50.10838,27.45079,Plant,06/05/2022,Placeholder Info
908,Daisy,50.13816,16.8231,Plant,06/05/2022,Placeholder Info
909,Daisy,47.84242,6.55432,Plant,06/05/2022,Placeholder Info
910,Gentiana Pneumonanthe,48.17113,14.05928,Plant,06/05/2022,Placeholder Info
911,Gentiana Pneumonanthe,47.67628,20.81213,Plant,06/05/2022,Placeholder Info
912,Daisy,48.69181,4.97657,Plant,06/05/2022,Placeholder Info
913,Yellow Water-Lily,50.56232,21.22129,Plant,06/05/2022,Placeholder Info
914,Daisy,47.77592,15.59902,Plant,06/05/2022,Placeholder Info
915,Japanese Knotweed,47.03115,7.62552,Plant,06/05/2022,Placeholder Info
916,Daisy,50.49724,6.49684,Plant,06/05/2022,Placeholder Info
917,Daisy,51.37283,4.90241,Plant,06/05/2022,Placeholder Info
918,Japanese Knotweed,48.58109,8.00414,Plant,06/05/2022,Placeholder Info
919,Gentiana Pneumonanthe,51.95307,8.74104,Plant,06/05/2022,Placeholder Info
920,Yellow Water-Lily,49.46347,25.87943,Plant,06/05/2022,Placeholder Info
921,Myriophyllum Verticillatum,51.42973,10.88536,Plant,06/05/2022,Placeholder Info
922,Myriophyllum Verticillatum,48.8085,27.79634,Plant,06/05/2022,Placeholder Info
923,Gentiana Pneumonanthe,48.60093,23.76868,Plant,06/05/2022,Placeholder Info
924,Yellow Water-Lily,47.20579,19.09231,Plant,06/05/2022,Placeholder Info
925,Yellow Water-Lily,47.36755,16.08419,Plant,06/05/2022,Placeholder Info
926,Japanese Knotweed,48.92905,7.81153,Plant,06/05/2022,Placeholder Info
927,Japanese Knotweed,51.32454,13.13942,Plant,06/05/2022,Placeholder Info
928,Gentiana Pneumonanthe,50.27102,6.18461,Plant,06/05/2022,Placeholder Info
929,Daisy,48.11706,8.43916,Plant,06/05/2022,Placeholder Info
930,Japanese Knotweed,49.31526,21.44539,Plant,06/05/2022,Placeholder Info
931,Gentiana Pneumonanthe,49.45878,23.15611,Plant,06/05/2022,Placeholder Info
932,Daisy,47.26908,16.55783,Plant,06/05/2022,Placeholder Info
933,Yellow Water-Lily,48.52206,10.35679,Plant,06/05/2022,Placeholder Info
934,Daisy,48.97161,24.97103,Plant,06/05/2022,Placeholder Info
935,Gentiana Pneumonanthe,49.52088,27.32867,Plant,06/05/2022,Placeholder Info
936,Myriophyllum Verticillatum,51.93221,6.76344,Plant,06/05/2022,Placeholder Info
937,Myriophyllum Verticillatum,47.04924,22.58807,Plant,06/05/2022,Placeholder Info
938,Daisy,48.08685,17.93179,Plant,06/05/2022,Placeholder Info
939,Gentiana Pneumonanthe,51.17449,20.61014,Plant,06/05/2022,Placeholder Info
940,Myriophyllum Verticillatum,48.58496,27.46239,Plant,06/05/2022,Placeholder Info
941,Gentiana Pneumonanthe,48.17666,27.72103,Plant,06/05/2022,Placeholder Info
942,Japanese Knotweed,50.97652,18.16251,Plant,06/05/2022,Placeholder Info
943,Japanese Knotweed,47.05931,4.5778,Plant,06/05/2022,Placeholder Info
944,Myriophyllum Verticillatum,48.87563,15.16935,Plant,06/05/2022,Placeholder Info
945,Daisy,49.13591,21.12843,Plant,06/05/2022,Placeholder Info
946,Daisy,51.67952,16.01818,Plant,06/05/2022,Placeholder Info
947,Gentiana Pneumonanthe,50.17033,15.42159,Plant,06/05/2022,Placeholder Info
948,Gentiana Pneumonanthe,48.03637,24.81423,Plant,06/05/2022,Placeholder Info
949,Gentiana Pneumonanthe,48.83985,26.86628,Plant,06/05/2022,Placeholder Info
950,Yellow Water-Lily,51.0664,17.80384,Plant,06/05/2022,Placeholder Info
951,Myriophyllum Verticillatum,47.9568,9.45999,Plant,06/05/2022,Placeholder Info
952,Myriophyllum Verticillatum,50.42075,13.05229,Plant,06/05/2022,Placeholder Info
953,Japanese Knotweed,50.78086,15.49044,Plant,06/05/2022,Placeholder Info
954,Japanese Knotweed,48.35636,18.67183,Plant,06/05/2022,Placeholder Info
955,Daisy,48.87438,25.92556,Plant,06/05/2022,Placeholder Info
956,Gentiana Pneumonanthe,48.09483,19.83169,Plant,06/05/2022,Placeholder Info
957,Yellow Water-Lily,50.73341,16.44595,Plant,06/05/2022,Placeholder Info
958,Daisy,50.00529,8.10717,Plant,06/05/2022,Placeholder Info
959,Daisy,50.06754,23.50734,Plant,06/05/2022,Placeholder Info
960,Yellow Water-Lily,48.05393,27.27007,Plant,06/05/2022,Placeholder Info
961,Daisy,48.73823,23.35902,Plant,06/05/2022,Placeholder Info
962,Yellow Water-Lily,47.39272,8.27286,Plant,06/05/2022,Placeholder Info
963,Japanese Knotweed,50.42292,22.3372,Plant,06/05/2022,Placeholder Info
964,Gentiana Pneumonanthe,48.22947,11.63819,Plant,06/05/2022,Placeholder Info
965,Daisy,47.39545,20.51222,Plant,06/05/2022,Placeholder Info
966,Daisy,50.38015,16.77771,Plant,06/05/2022,Placeholder Info
967,Gentiana Pneumonanthe,47.69497,11.77405,Plant,06/05/2022,Placeholder Info
968,Yellow Water-Lily,49.40402,13.07434,Plant,06/05/2022,Placeholder Info
969,Japanese Knotweed,51.0513,21.18161,Plant,06/05/2022,Placeholder Info
970,Gentiana Pneumonanthe,51.60985,10.88265,Plant,06/05/2022,Placeholder Info
971,Myriophyllum Verticillatum,50.54934,23.62406,Plant,06/05/2022,Placeholder Info
972,Daisy,49.38207,11.8049,Plant,06/05/2022,Placeholder Info
973,Daisy,51.96227,12.09393,Plant,06/05/2022,Placeholder Info
974,Yellow Water-Lily,51.0255,14.22646,Plant,06/05/2022,Placeholder Info
975,Myriophyllum Verticillatum,51.50825,6.63161,Plant,06/05/2022,Placeholder Info
976,Daisy,47.38073,14.10059,Plant,06/05/2022,Placeholder Info
977,Daisy,48.34707,27.04321,Plant,06/05/2022,Placeholder Info
978,Myriophyllum Verticillatum,48.46266,21.02896,Plant,06/05/2022,Placeholder Info
979,Gentiana Pneumonanthe,50.49933,27.08397,Plant,06/05/2022,Placeholder Info
980,Myriophyllum Verticillatum,48.231,7.44223,Plant,06/05/2022,Placeholder Info
981,Yellow Water-Lily,49.06542,8.7387,Plant,06/05/2022,Placeholder Info
982,Japanese Knotweed,50.71182,23.86923,Plant,06/05/2022,Placeholder Info
983,Gentiana Pneumonanthe,51.49813,5.63895,Plant,06/05/2022,Placeholder Info
984,Japanese Knotweed,51.21265,9.97983,Plant,06/05/2022,Placeholder Info
985,Daisy,47.79407,27.08302,Plant,06/05/2022,Placeholder Info
986,Yellow Water-Lily,50.73947,4.7737,Plant,06/05/2022,Placeholder Info
987,Gentiana Pneumonanthe,47.61757,21.58864,Plant,06/05/2022,Placeholder Info
988,Japanese Knotweed,51.90906,23.81257,Plant,06/05/2022,Placeholder Info
989,Daisy,49.00614,24.66835,Plant,06/05/2022,Placeholder Info
990,Yellow Water-Lily,51.02298,24.58496,Plant,06/05/2022,Placeholder Info
991,Myriophyllum Verticillatum,47.38617,26.2278,Plant,06/05/2022,Placeholder Info
992,Japanese Knotweed,49.09472,7.23671,Plant,06/05/2022,Placeholder Info
993,Myriophyllum Verticillatum,49.2969,17.17692,Plant,06/05/2022,Placeholder Info
994,Myriophyllum Verticillatum,50.99136,12.27034,Plant,06/05/2022,Placeholder Info
995,Gentiana Pneumonanthe,51.5968,17.04229,Plant,06/05/2022,Placeholder Info
996,Japanese Knotweed,51.19735,5.50234,Plant,06/05/2022,Placeholder Info
997,Yellow Water-Lily,49.92042,14.73598,Plant,06/05/2022,Placeholder Info
998,Yellow Water-Lily,48.13752,18.58437,Plant,06/05/2022,Placeholder Info
999,Myriophyllum Verticillatum,48.11739,15.73374,Plant,06/05/2022,Placeholder Info
1000,Guinea Pig,52.0414003,4.2217309,Animal,2022-06-05,There are very cute guinea pigs in this household
1001,Chicken,52.0413994,4,Animal,2022-06-05,The chicken is in a cage
